<?xml version="1.0" encoding="utf-8"?>
<openerp>
	<data>
		<record model="ir.ui.view" id="school_location_tree_view">
			<field name="name">product.school.location.tree</field>
			<field name="model">product.school.location</field>
			<field name="type">tree</field>
			<field name="arch" type="xml">
			<tree string="School location">
				<field name="name" string="name"/>	
				<field name="note"/>			
			</tree>
			</field>
		</record>		

		<record model="ir.ui.view" id="school_location_form_view">
			<field name="name">product.school.location.form</field>
			<field name="model">product.school.location</field>
			<field name="type">form</field>
			<field name="arch" type="xml">
			<tree string="School location">
				<field name="name" string="name"/>	
				<field name="note"/>			
			</tree>
			</field>
		</record>


		<record model="ir.ui.view" id="school_program_tree_view">
			<field name="name">product.school.program.tree</field>
			<field name="model">product.school.program</field>
			<field name="type">tree</field>
			<field name="arch" type="xml">
			<tree string="School program">
				<field name="name" string="name"/>	
				<field name="note"/>			
			</tree>
			</field>
		</record>		

		<record model="ir.ui.view" id="school_program_form_view">
			<field name="name">product.school.program.form</field>
			<field name="model">product.school.program</field>
			<field name="type">form</field>
			<field name="arch" type="xml">
			<tree string="School program">
				<field name="name" string="name"/>	
				<field name="note"/>			
			</tree>
			</field>
		</record>

		<record model="ir.ui.view" id="school_school_tree_view">
			<field name="name">school.school.tree</field>
			<field name="model">product.product</field>
			<field name="type">tree</field>			
			<field name="inherit_id" ref="product.product_product_tree_view"/>	
			<field name="arch" type="xml">
			<tree string="Products">
				<group colspan="2" col="2">
					<field name="lst_price" position='replace'/>
					<field name="location_id"/>	
					<field name="program_id"/>					
					<field name="start_date" string="Start Date"/>	
					<field name="end_date" string="End Date"/>	
					<field name="year" string="Year"/>	 
					<field name="currency_id"/>
				</group>
			</tree>
			</field>
		</record>

		<record model="ir.ui.view" id="school_form_view">
			<field name="name">school.school.form</field>
			<field name="model">product.product</field>
			<field name="type">form</field>
			<field name="inherit_id" ref="product.product_normal_form_view"/>
			<field name="arch" type="xml">
            <page string="Information" position="after">
                <page string="School">
                    <group colspan="4" col="2">
                        <separator string="School Information" colspan="2"/>
						<field name="name" string="name"/>				
						<field name="year" string="Year"/>
						<field name="session" string="session"/>
						<field name="location_id"/>	
						<field name="program_id"/>	
						<field name="start_date" string="Start Date"/>	
						<field name="end_date" string="End Date"/>
					</group>
                    <group colspan="4" col="2">
                        <separator string="General" colspan="2"/>
                    	<field name="early_bird_date"/>	
                    	<field name="early_bird_discount"/>
                    	<field name="registration_fee"/>
                    </group>                      	
                    <group colspan="2" col="2">
                        <separator string="Student (under 25)" colspan="2"/>
                        <field name="tuition_student"/>		
                    </group>
                    <group colspan="2" col="2">
                        <separator string="Professional" colspan="2"/>
                        <field name="tuition_professional"/>
                    </group>   
                    <group colspan="4" col="2">
                        <separator string="Promotion" colspan="2"/>
                        <field name="promo_code_elsa"/>
                        <field name="promo_code"/>
                        <field name="promo_code_discount"/>
                        <field name="promo_code_word_mouth"/>
                        <field name="alumni_discount"/> 
                        <field name="group_discount"/>
                    </group>
                    <group colspan="2" col="2">
                        <separator string="Student (under 25)" colspan="2"/>
                        <field name="accomodation_student_sr"/>
                        <field name="accomodation_student_dr"/>
                    </group>
                    <group colspan="2" col="2">
                        <separator string="Professional" colspan="2"/>
                        <field name="accomodation_professional_sr"/>
                        <field name="accomodation_professional_dr"/>
                    </group>  
                    <group colspan="2" col="2">
                        <separator string="Extension weeks" colspan="4"/>
                        <field name="extension_weeks"/>
                        <field name="extension_weeks_tuition"/>
                        <field name="extension_weeks_sr"/>
                        <field name="extension_weeks_dr"/>
                        <field name="extension_weeks_full_board"/>
                    </group>                        
                    <group colspan="2" col="2">
                        <separator string="Additional options" colspan="2"/>
                        <field name="full_board" />
                        <field name="airport" />
                        <field name="additional_nights_sr"  string="Add. night single room" />
                        <field name="additional_nights_dr" string="Add. night double room"/>
                    </group>
                    <group colspan="2" col="2">
                        <separator string="Note" colspan="2"/>
                        <field name="note" />                         
                    </group> 
                </page> 
            </page>
			</field>
		</record>


		<record model="ir.actions.act_window" id="action_school_form">
			<field name="name">school</field>
			<field name="res_model">product.product</field>
		</record>

		<record model="ir.actions.act_window" id="action_school_program_form">
			<field name="name">school</field>
			<field name="res_model">product.school.program</field>
		</record>

		<record model="ir.actions.act_window" id="action_school_location_form">
			<field name="name">school</field>
			<field name="res_model">product.school.location</field>
		</record>

		<menuitem name="school" icon="terp-project" id="school_menu"/>

		<menuitem name="school" parent="school_menu" id="school_mainform" action="action_school_form" sequence="1"/>
		<menuitem name="program" parent="school_menu" id="school_program_mainform" action="action_school_program_form" sequence="2"/>		
		<menuitem name="location" parent="school_menu" id="school_program_mainform" action="action_school_program_form" sequence="3"/>
	
	</data>
</openerp>