<?xml version="1.0" encoding="utf-8"?>
<openerp>
	<data>
		 <!-- Add occupation to res.partner (student) -->
		<record model="ir.ui.view" id="student_student_tree_view">
			<field name="name">student.student.tree.inherited</field>
			<field name="model">res.partner</field>
			<field name="type">tree</field>			
			<field name="inherit_id" ref="base.view_partner_tree"/>	
			<field name="arch" type="xml">
			<tree string="Partners">
				<field name="occupation" />	 
				<field name="product_id" />	
			</tree>
            </field>
		</record>

        <record id="student_student_form_view" model="ir.ui.view">
                <field name="name">student.student.form.inherited</field>
                <field name="model">res.partner</field>
                <field name="type">form</field>
                <field name="inherit_id" ref="base.view_partner_form"/>
                <field name="arch" type="xml">
                <page string="General" position="after">
                    <page string="School">
                        <group colspan="2" col="2">
                            <separator string="Student information" colspan="2"/>
                            <field name="first_name" />    
                            <field name="last_name" />  
                        </group>                         
                        <group colspan="2" col="2">
                            <separator string="School information" colspan="2"/>
                            <field name="product_id" />		
                        </group> 
                        <group colspan="2" col="2">
                            <separator string="Tuition information" colspan="2"/>
                            <field name="occupation" />
                            <field name="tuition"/>		
                            <field name="early_bird"/>
                        </group> 
                        <group colspan="2" col="2">
                            <separator string="Accomodation information" colspan="2"/>
                            <field name="accomodation"/>
                            <field name="extension_weeks"/>
                            <field name="additional_nights"/>		
                        </group>                         
                        <group colspan="2" col="2">
                            <separator string="Promotion information" colspan="2"/>
                            <field name="promo_code_elsa"/>
                            <field name="promo_code"/>
                            <field name="alumni_discount"/>
                            <field name="group_discount"/>	
                        </group> 
                    </page>
                </page>
                </field>
        </record>

		<record model="ir.actions.act_window" id="action_student_form_view">
			<field name="name">student</field>
			<field name="res_model">res.partner</field>
		</record>	
	
		<menuitem name="student" parent="school_menu" id="student_main_view" action="action_student_form_view" sequence="4"/>		
	</data>
</openerp>